<beans xmlns="http://www.springframework.org/schema/beans"
	xmlns:xsi="http://www.w3.org/2001/XMLSchema-instance" xmlns:context="http://www.springframework.org/schema/context"
	xsi:schemaLocation="http://www.springframework.org/schema/beans
     http://www.springframework.org/schema/beans/spring-beans-4.0.xsd
     http://www.springframework.org/schema/context
     http://www.springframework.org/schema/context/spring-context-4.0.xsd">
	
	<context:component-scan base-package="com.igate.test"></context:component-scan>
	
	<bean id="six" class="com.igate.test">
	<property name="count" value="#{5}"></property>
	<property name="message" value="The value is #{5}"></property>
	<property name="frequency" value="#{5.9}"></property>
	<property name="name" value="The value is #{Chuck}"></property>
	<property name="multiplier" value="#{T(java.lang.Math).PI}"></property>
	<property name="randomNumber" value="#{T(java.lang.Math).random()}"></property>	
	</bean>
	 
</beans>