<?xml version="1.0" encoding="UTF-8"?>
<beans xmlns="http://www.springframework.org/schema/beans"
	xmlns:xsi="http://www.w3.org/2001/XMLSchema-instance" 
	xmlns:aop="http://www.springframework.org/schema/aop"
	xsi:schemaLocation="http://www.springframework.org/schema/beans 
	http://www.springframework.org/schema/beans/spring-beans.xsd
	http://www.springframework.org/schema/aop 
	http://www.springframework.org/schema/aop/spring-aop.xsd">

	<aop:aspectj-autoproxy></aop:aspectj-autoproxy>
	<bean id="tran" class="com.igate.myaop.Triangle">
	<property name="name" value="igate"></property>
	</bean>
	
	<bean id="cir" class="com.igate.myaop.Circle"></bean>
	
	<bean id="ser" class="com.igate.myaop.MyService" autowire="byName"></bean>
	
	<bean id="Login" class="com.igate.myaop.LoginService"></bean>
</beans>