<?xml version="1.0" encoding="UTF-8"?>
<beans xmlns="http://www.springframework.org/schema/beans"
	xmlns:xsi="http://www.w3.org/2001/XMLSchema-instance" 
	xmlns:aop="http://www.springframework.org/schema/aop"
	xsi:schemaLocation="http://www.springframework.org/schema/beans 
	http://www.springframework.org/schema/beans/spring-beans-4.0.xsd">
	
	
	<bean id="user" class="com.igate.four.Employee">
	<property name="Username"><value>${username}</value></property>
	<property name="Password"><value>${password}</value></property>
	
	</bean>
	
	<bean id="placeHolderConfig" class="org.springframework.beans.factory.config.PropertyPlaceholderConfigurer">
		<property name="location"><value>user.properties</value></property>
	</bean>
	
	</beans>
	