<beans xmlns="http://www.springframework.org/schema/beans"
	xmlns:xsi="http://www.w3.org/2001/XMLSchema-instance" xmlns:context="http://www.springframework.org/schema/context"
	xsi:schemaLocation="http://www.springframework.org/schema/beans
     http://www.springframework.org/schema/beans/spring-beans-4.0.xsd
     http://www.springframework.org/schema/context
     http://www.springframework.org/schema/context/spring-context-4.0.xsd">

	<bean id="tran" class="com.igate.first.Triangle" autowire="byType">
	<!-- <property name="point">
	<list>
	<ref bean="one" />
	<ref bean="two" />
	<ref bean="three" />
	</list>	
	</property> -->
	<!-- <property name="p1" ref="one"></property>
	<property name="p2" ref="two"></property>
	<property name="p3" ref="three"></property> -->
			<!-- 
			<property name="type" value="Hello World type"></property> 
			<property name="name" value="Hello name"></property> 
			<constructor-arg value="const" index="0"></constructor-arg>
			<constructor-arg value="const 2 " index="1"></constructor-arg>
			 -->
	</bean>
	<bean id="p1" class="com.igate.first.Point">
		<property name="x" value="10"></property>
		<property name="y" value="20"></property>
	</bean>
	<bean id="p2" class="com.igate.first.Point">
		<property name="x" value="10"></property>
		<property name="y" value="20"></property>
	</bean>
	<bean id="p3" class="com.igate.first.Point">
		<property name="x" value="10"></property>
		<property name="y" value="20"></property>
	</bean>

</beans>