<?xml version="1.0" encoding="UTF-8"?>
<beans xmlns="http://www.springframework.org/schema/beans"
xmlns:xsi="http://www.w3.org/2001/XMLSchema-instance"
xmlns:context="http://www.springframework.org/schema/context"
xmlns:aop="http://www.springframework.org/schema/aop"
xsi:schemaLocation="http://www.springframework.org/schema/beans
http://www.springframework.org/schema/beans/spring-beans.xsd
http://www.springframework.org/schema/context
http://www.springframework.org/schema/context/spring-context.xsd
http://www.springframework.org/schema/aop 
http://www.springframework.org/schema/aop/spring-aop.xsd">


<!-- <aop:aspectj-autoproxy/> -->
<bean id="logging" class="com.igate.demo.LogInfo" />
      

<!-- To enable Spring Components --> 		
<context:component-scan base-package="com.igate.demo" />
<aop:config>
	<aop:aspect ref="logging">
		<aop:before pointcut="execution(* com.igate.demo.*.*(..))" method="configureLogging"/>
	</aop:aspect>
</aop:config>

<bean class="org.springframework.web.servlet.view.InternalResourceViewResolver">
<property name="prefix" value="/"/>
<property name="suffix" value=".jsp" />
</bean>

	

</beans>
